SET SQL_MODE = "NO_AUTO_VALUE_ON_ZERO";
START TRANSACTION;
SET time_zone = "+00:00";

/*!40101 SET @OLD_CHARACTER_SET_CLIENT=@@CHARACTER_SET_CLIENT */;
/*!40101 SET @OLD_CHARACTER_SET_RESULTS=@@CHARACTER_SET_RESULTS */;
/*!40101 SET @OLD_COLLATION_CONNECTION=@@COLLATION_CONNECTION */;
/*!40101 SET NAMES utf8mb4 */;


INSERT INTO `abteilungen` (`ID`, `Bezeichnung`, `MaxAzubis`, `Farbe`) VALUES
(1, 'Administration', 1, '#26e355'),
(2, 'Entwicklung', 3, '#f07a7a'),
(3, 'Marketing', 2, '#3fc4fd'),
(4, 'PM', 1, '#d5aa34'),
(5, 'Test', 1, '#b6b2af'),
(6, 'Webentwicklung', 2, '#c3adff');

INSERT INTO `ansprechpartner` (`ID`, `Name`, `Email`, `ID_Abteilung`) VALUES
(1, 'Chris Könnecke', 'marian.schwandt@gmail.com', 1),
(2, 'Christian Tiefert', 'marian.schwandt@gmail.com', 2),
(3, 'Konrad Mühler', 'marian.schwandt@gmail.com', 2),
(4, 'Isabel Bartelmann', 'marian.schwandt@gmail.com', 3),
(5, 'Jeanette Mönch', 'marian.schwandt@gmail.com', 4),
(6, 'Christian Köhn', 'marian.schwandt@gmail.com', 5),
(7, 'Axel Knöfel', 'marian.schwandt@gmail.com', 6);

INSERT INTO `ausbildungsberufe` (`ID`, `Bezeichnung`) VALUES
(1, 'FI:AE'),
(2, 'FA:SI'),
(3, 'KFB');

INSERT INTO `auszubildende` (`ID`, `Vorname`, `Nachname`, `Email`, `ID_Ausbildungsberuf`, `Ausbildungsstart`, `Ausbildungsende`) VALUES
(1, 'Max', 'Mustermann', 'marian.schwandt@gmail.com', 1, '2020-10-12', '2023-11-29'),
(2, 'Maxime', 'Musterfrau', 'marian.schwandt@gmail.com', 3, '2020-10-03', '2022-12-12'),
(3, 'Peter', 'Lustig', 'marian.schwandt@gmail.com', 2, '2020-10-03', '2022-12-16');

INSERT INTO `pläne` (`ID`, `ID_Auszubildender`, `ID_Ansprechpartner`, `ID_Abteilung`, `Startdatum`, `Enddatum`) VALUES
(445, 3, 1, 1, '2020-09-28', '2020-10-04'),
(446, 3, 1, 1, '2020-10-05', '2020-10-11'),
(447, 3, 1, 1, '2020-10-12', '2020-10-18'),
(448, 3, 1, 1, '2020-10-19', '2020-10-25'),
(449, 3, 1, 1, '2020-10-26', '2020-11-01'),
(450, 3, 1, 1, '2020-11-02', '2020-11-08'),
(451, 3, 1, 1, '2020-11-09', '2020-11-15'),
(452, 3, 1, 1, '2020-11-16', '2020-11-22'),
(453, 3, 1, 1, '2020-11-23', '2020-11-29'),
(454, 3, 1, 1, '2020-11-30', '2020-12-06'),
(455, 3, 1, 1, '2020-12-07', '2020-12-13'),
(456, 3, 1, 1, '2020-12-14', '2020-12-20'),
(457, 3, 1, 1, '2020-12-21', '2020-12-27'),
(458, 3, 1, 1, '2020-12-28', '2021-01-03'),
(459, 3, 1, 1, '2021-01-04', '2021-01-10'),
(460, 3, 1, 1, '2021-01-11', '2021-01-17'),
(461, 3, 1, 1, '2021-01-18', '2021-01-24'),
(462, 3, 1, 1, '2021-01-25', '2021-01-31'),
(463, 3, 1, 1, '2021-02-01', '2021-02-07'),
(464, 3, 1, 1, '2021-02-08', '2021-02-14'),
(465, 3, 1, 1, '2021-02-15', '2021-02-21'),
(466, 3, 1, 1, '2021-02-22', '2021-02-28'),
(467, 3, 1, 1, '2021-03-01', '2021-03-07'),
(468, 3, 1, 1, '2021-03-08', '2021-03-14'),
(469, 3, 1, 1, '2021-03-15', '2021-03-21'),
(470, 3, 1, 1, '2021-03-22', '2021-03-28'),
(471, 3, 1, 1, '2021-03-29', '2021-04-04'),
(472, 3, 1, 1, '2021-04-05', '2021-04-11'),
(473, 3, 1, 1, '2021-04-12', '2021-04-18'),
(474, 3, 1, 1, '2021-04-19', '2021-04-25'),
(475, 3, 1, 1, '2021-04-26', '2021-05-02'),
(476, 3, 1, 1, '2021-05-03', '2021-05-09'),
(477, 3, 1, 1, '2021-05-10', '2021-05-16'),
(478, 3, 1, 1, '2021-05-17', '2021-05-23'),
(479, 3, 1, 1, '2021-05-24', '2021-05-30'),
(480, 3, 1, 1, '2021-05-31', '2021-06-06'),
(481, 3, 1, 1, '2021-06-07', '2021-06-13'),
(482, 3, 1, 1, '2021-06-14', '2021-06-20'),
(483, 3, 1, 1, '2021-06-21', '2021-06-27'),
(484, 3, 1, 1, '2021-06-28', '2021-07-04'),
(485, 3, 1, 1, '2021-07-05', '2021-07-11'),
(486, 3, 1, 1, '2021-07-12', '2021-07-18'),
(487, 3, 1, 1, '2021-07-19', '2021-07-25'),
(488, 3, 1, 1, '2021-07-26', '2021-08-01'),
(489, 3, 1, 1, '2021-08-02', '2021-08-08'),
(490, 3, 1, 1, '2021-08-09', '2021-08-15'),
(491, 3, 1, 1, '2021-08-16', '2021-08-22'),
(492, 3, 1, 1, '2021-08-23', '2021-08-29'),
(493, 3, 1, 1, '2021-08-30', '2021-09-05'),
(494, 3, 1, 1, '2021-09-06', '2021-09-12'),
(495, 3, 1, 1, '2021-09-13', '2021-09-19'),
(496, 3, 1, 1, '2021-09-20', '2021-09-26'),
(497, 3, 1, 1, '2021-09-27', '2021-10-03'),
(498, 3, 1, 1, '2021-10-04', '2021-10-10'),
(499, 3, 1, 1, '2021-10-11', '2021-10-17'),
(500, 3, 1, 1, '2021-10-18', '2021-10-24'),
(501, 3, 1, 1, '2021-10-25', '2021-10-31'),
(502, 3, 1, 1, '2021-11-01', '2021-11-07'),
(503, 3, 1, 1, '2021-11-08', '2021-11-14'),
(504, 3, 1, 1, '2021-11-15', '2021-11-21'),
(505, 3, 1, 1, '2021-11-22', '2021-11-28'),
(506, 3, 1, 1, '2021-11-29', '2021-12-05'),
(507, 3, 1, 1, '2021-12-06', '2021-12-12'),
(508, 3, 1, 1, '2021-12-13', '2021-12-19'),
(509, 3, 1, 1, '2021-12-20', '2021-12-26'),
(510, 3, 1, 1, '2021-12-27', '2022-01-02'),
(511, 3, 1, 1, '2022-01-03', '2022-01-09'),
(512, 3, 1, 1, '2022-01-10', '2022-01-16'),
(513, 3, 1, 1, '2022-01-17', '2022-01-23'),
(514, 3, 1, 1, '2022-01-24', '2022-01-30'),
(515, 3, 1, 1, '2022-01-31', '2022-02-06'),
(516, 3, 1, 1, '2022-02-07', '2022-02-13'),
(517, 3, 1, 1, '2022-02-14', '2022-02-20'),
(518, 3, 1, 1, '2022-02-21', '2022-02-27'),
(519, 3, 1, 1, '2022-02-28', '2022-03-06'),
(520, 3, 1, 1, '2022-03-07', '2022-03-13'),
(521, 3, 1, 1, '2022-03-14', '2022-03-20'),
(522, 3, 1, 1, '2022-03-21', '2022-03-27'),
(523, 3, 1, 1, '2022-03-28', '2022-04-03'),
(524, 3, 1, 1, '2022-04-04', '2022-04-10'),
(525, 3, 1, 1, '2022-04-11', '2022-04-17'),
(526, 3, 1, 1, '2022-04-18', '2022-04-24'),
(527, 3, 1, 1, '2022-04-25', '2022-05-01'),
(528, 3, 1, 1, '2022-05-02', '2022-05-08'),
(529, 3, 1, 1, '2022-05-09', '2022-05-15'),
(530, 3, 1, 1, '2022-05-16', '2022-05-22'),
(531, 3, 1, 1, '2022-05-23', '2022-05-29'),
(532, 3, 1, 1, '2022-05-30', '2022-06-05'),
(533, 3, 1, 1, '2022-06-06', '2022-06-12'),
(534, 3, 1, 1, '2022-06-13', '2022-06-19'),
(535, 3, 1, 1, '2022-06-20', '2022-06-26'),
(536, 3, 1, 1, '2022-06-27', '2022-07-03'),
(537, 3, 1, 1, '2022-07-04', '2022-07-10'),
(538, 3, 1, 1, '2022-07-11', '2022-07-17'),
(539, 3, 1, 1, '2022-07-18', '2022-07-24'),
(540, 3, 1, 1, '2022-07-25', '2022-07-31'),
(541, 3, 1, 1, '2022-08-01', '2022-08-07'),
(542, 3, 1, 1, '2022-08-08', '2022-08-14'),
(543, 3, 1, 1, '2022-08-15', '2022-08-21'),
(544, 3, 1, 1, '2022-08-22', '2022-08-28'),
(545, 3, 2, 2, '2022-08-29', '2022-09-04'),
(546, 3, 2, 2, '2022-09-05', '2022-09-11'),
(547, 3, 2, 2, '2022-09-12', '2022-09-18'),
(548, 3, 2, 2, '2022-09-19', '2022-09-25'),
(549, 3, 2, 2, '2022-09-26', '2022-10-02'),
(550, 3, 2, 2, '2022-10-03', '2022-10-09'),
(551, 3, 2, 2, '2022-10-10', '2022-10-16'),
(552, 3, 2, 2, '2022-10-17', '2022-10-23'),
(553, 3, 2, 2, '2022-10-24', '2022-10-30'),
(554, 3, 2, 2, '2022-10-31', '2022-11-06'),
(555, 3, 2, 2, '2022-11-07', '2022-11-13'),
(556, 3, 2, 2, '2022-11-14', '2022-11-20'),
(557, 3, 5, 4, '2022-11-21', '2022-11-27'),
(558, 3, 5, 4, '2022-11-28', '2022-12-04'),
(559, 3, 5, 4, '2022-12-05', '2022-12-11'),
(560, 3, 5, 4, '2022-12-12', '2022-12-18'),
(561, 2, 4, 3, '2020-09-28', '2020-10-04'),
(562, 2, 4, 3, '2020-10-05', '2020-10-11'),
(563, 2, 4, 3, '2020-10-12', '2020-10-18'),
(564, 2, 4, 3, '2020-10-19', '2020-10-25'),
(565, 2, 4, 3, '2020-10-26', '2020-11-01'),
(566, 2, 4, 3, '2020-11-02', '2020-11-08'),
(567, 2, 4, 3, '2020-11-09', '2020-11-15'),
(568, 2, 4, 3, '2020-11-16', '2020-11-22'),
(569, 2, 4, 3, '2020-11-23', '2020-11-29'),
(570, 2, 4, 3, '2020-11-30', '2020-12-06'),
(571, 2, 4, 3, '2020-12-07', '2020-12-13'),
(572, 2, 4, 3, '2020-12-14', '2020-12-20'),
(573, 2, 4, 3, '2020-12-21', '2020-12-27'),
(574, 2, 4, 3, '2020-12-28', '2021-01-03'),
(575, 2, 4, 3, '2021-01-04', '2021-01-10'),
(576, 2, 4, 3, '2021-01-11', '2021-01-17'),
(577, 2, 4, 3, '2021-01-18', '2021-01-24'),
(578, 1, 2, 2, '2020-10-12', '2020-10-18'),
(579, 1, 2, 2, '2020-10-19', '2020-10-25'),
(580, 1, 2, 2, '2020-10-26', '2020-11-01'),
(581, 1, 2, 2, '2020-11-02', '2020-11-08'),
(582, 1, 2, 2, '2020-11-09', '2020-11-15'),
(583, 1, 2, 2, '2020-11-16', '2020-11-22'),
(584, 1, 2, 2, '2020-11-23', '2020-11-29'),
(585, 1, 2, 2, '2020-11-30', '2020-12-06'),
(586, 1, 2, 2, '2020-12-07', '2020-12-13'),
(587, 1, 2, 2, '2020-12-14', '2020-12-20'),
(588, 1, 2, 2, '2020-12-21', '2020-12-27'),
(589, 1, 2, 2, '2020-12-28', '2021-01-03'),
(590, 1, 2, 2, '2021-01-04', '2021-01-10'),
(591, 1, 2, 2, '2021-01-11', '2021-01-17'),
(592, 1, 2, 2, '2021-01-18', '2021-01-24'),
(593, 1, 2, 2, '2021-01-25', '2021-01-31'),
(594, 1, 2, 2, '2021-02-01', '2021-02-07'),
(595, 1, 2, 2, '2021-02-08', '2021-02-14'),
(596, 1, 2, 2, '2021-02-15', '2021-02-21'),
(597, 1, 2, 2, '2021-02-22', '2021-02-28'),
(598, 1, 2, 2, '2021-03-01', '2021-03-07'),
(599, 1, 2, 2, '2021-03-08', '2021-03-14'),
(600, 1, 2, 2, '2021-03-15', '2021-03-21'),
(601, 1, 2, 2, '2021-03-22', '2021-03-28'),
(602, 1, 2, 2, '2021-03-29', '2021-04-04'),
(603, 1, 2, 2, '2021-04-05', '2021-04-11'),
(604, 1, 2, 2, '2021-04-12', '2021-04-18'),
(605, 1, 2, 2, '2021-04-19', '2021-04-25'),
(606, 1, 2, 2, '2021-04-26', '2021-05-02'),
(607, 1, 2, 2, '2021-05-03', '2021-05-09'),
(608, 1, 2, 2, '2021-05-10', '2021-05-16'),
(609, 1, 2, 2, '2021-05-17', '2021-05-23'),
(610, 1, 2, 2, '2021-05-24', '2021-05-30'),
(611, 1, 2, 2, '2021-05-31', '2021-06-06'),
(612, 1, 2, 2, '2021-06-07', '2021-06-13'),
(613, 1, 2, 2, '2021-06-14', '2021-06-20'),
(614, 1, 2, 2, '2021-06-21', '2021-06-27'),
(615, 1, 2, 2, '2021-06-28', '2021-07-04'),
(616, 1, 2, 2, '2021-07-05', '2021-07-11'),
(617, 1, 2, 2, '2021-07-12', '2021-07-18'),
(618, 1, 2, 2, '2021-07-19', '2021-07-25'),
(619, 1, 2, 2, '2021-07-26', '2021-08-01'),
(620, 1, 2, 2, '2021-08-02', '2021-08-08'),
(621, 1, 2, 2, '2021-08-09', '2021-08-15'),
(622, 1, 2, 2, '2021-08-16', '2021-08-22'),
(623, 1, 2, 2, '2021-08-23', '2021-08-29'),
(624, 1, 2, 2, '2021-08-30', '2021-09-05'),
(625, 1, 2, 2, '2021-09-06', '2021-09-12'),
(626, 1, 2, 2, '2021-09-13', '2021-09-19'),
(627, 1, 2, 2, '2021-09-20', '2021-09-26'),
(628, 1, 2, 2, '2021-09-27', '2021-10-03'),
(629, 1, 2, 2, '2021-10-04', '2021-10-10'),
(630, 1, 2, 2, '2021-10-11', '2021-10-17'),
(631, 1, 2, 2, '2021-10-18', '2021-10-24'),
(632, 1, 2, 2, '2021-10-25', '2021-10-31'),
(633, 1, 2, 2, '2021-11-01', '2021-11-07'),
(634, 1, 2, 2, '2021-11-08', '2021-11-14'),
(635, 1, 2, 2, '2021-11-15', '2021-11-21'),
(636, 1, 2, 2, '2021-11-22', '2021-11-28'),
(637, 1, 2, 2, '2021-11-29', '2021-12-05'),
(638, 1, 2, 2, '2021-12-06', '2021-12-12'),
(639, 1, 2, 2, '2021-12-13', '2021-12-19'),
(640, 1, 2, 2, '2021-12-20', '2021-12-26'),
(641, 1, 2, 2, '2021-12-27', '2022-01-02'),
(642, 1, 2, 2, '2022-01-03', '2022-01-09'),
(643, 1, 2, 2, '2022-01-10', '2022-01-16'),
(644, 1, 2, 2, '2022-01-17', '2022-01-23'),
(645, 1, 2, 2, '2022-01-24', '2022-01-30'),
(646, 1, 2, 2, '2022-01-31', '2022-02-06'),
(647, 1, 2, 2, '2022-02-07', '2022-02-13'),
(648, 1, 2, 2, '2022-02-14', '2022-02-20'),
(649, 1, 2, 2, '2022-02-21', '2022-02-27'),
(650, 1, 2, 2, '2022-02-28', '2022-03-06'),
(651, 1, 2, 2, '2022-03-07', '2022-03-13'),
(652, 1, 2, 2, '2022-03-14', '2022-03-20'),
(653, 1, 2, 2, '2022-03-21', '2022-03-27'),
(654, 1, 2, 2, '2022-03-28', '2022-04-03'),
(655, 1, 2, 2, '2022-04-04', '2022-04-10'),
(656, 1, 2, 2, '2022-04-11', '2022-04-17'),
(657, 1, 2, 2, '2022-04-18', '2022-04-24'),
(658, 1, 2, 2, '2022-04-25', '2022-05-01'),
(659, 1, 2, 2, '2022-05-02', '2022-05-08'),
(660, 1, 2, 2, '2022-05-09', '2022-05-15'),
(661, 1, 2, 2, '2022-05-16', '2022-05-22'),
(662, 1, 2, 2, '2022-05-23', '2022-05-29'),
(663, 1, 2, 2, '2022-05-30', '2022-06-05'),
(664, 1, 2, 2, '2022-06-06', '2022-06-12'),
(665, 1, 2, 2, '2022-06-13', '2022-06-19'),
(666, 1, 2, 2, '2022-06-20', '2022-06-26'),
(667, 1, 2, 2, '2022-06-27', '2022-07-03'),
(668, 1, 2, 2, '2022-07-04', '2022-07-10'),
(669, 1, 2, 2, '2022-07-11', '2022-07-17'),
(670, 1, 2, 2, '2022-07-18', '2022-07-24'),
(671, 1, 2, 2, '2022-07-25', '2022-07-31'),
(672, 1, 2, 2, '2022-08-01', '2022-08-07'),
(673, 1, 2, 2, '2022-08-08', '2022-08-14'),
(674, 1, 2, 2, '2022-08-15', '2022-08-21'),
(675, 1, 2, 2, '2022-08-22', '2022-08-28'),
(676, 1, 2, 2, '2022-08-29', '2022-09-04'),
(677, 1, 2, 2, '2022-09-05', '2022-09-11'),
(678, 1, 1, 1, '2022-09-12', '2022-09-18'),
(679, 1, 1, 1, '2022-09-19', '2022-09-25'),
(680, 1, 1, 1, '2022-09-26', '2022-10-02'),
(681, 1, 1, 1, '2022-10-03', '2022-10-09'),
(682, 1, 1, 1, '2022-10-10', '2022-10-16'),
(683, 1, 1, 1, '2022-10-17', '2022-10-23'),
(684, 1, 1, 1, '2022-10-24', '2022-10-30'),
(685, 1, 1, 1, '2022-10-31', '2022-11-06'),
(686, 1, 5, 4, '2022-11-07', '2022-11-13'),
(687, 1, 5, 4, '2022-11-14', '2022-11-20'),
(688, 1, 5, 4, '2022-11-21', '2022-11-27'),
(689, 1, 5, 4, '2022-11-28', '2022-12-04'),
(690, 1, 5, 4, '2022-12-05', '2022-12-11'),
(691, 1, 5, 4, '2022-12-12', '2022-12-18'),
(692, 1, 5, 4, '2022-12-19', '2022-12-25'),
(693, 1, 5, 4, '2022-12-26', '2023-01-01'),
(694, 1, 7, 6, '2023-01-02', '2023-01-08'),
(695, 1, 7, 6, '2023-01-09', '2023-01-15'),
(696, 1, 7, 6, '2023-01-16', '2023-01-22'),
(697, 1, 7, 6, '2023-01-23', '2023-01-29'),
(698, 1, 7, 6, '2023-01-30', '2023-02-05'),
(699, 1, 7, 6, '2023-02-06', '2023-02-12'),
(700, 1, 7, 6, '2023-02-13', '2023-02-19'),
(701, 1, 7, 6, '2023-02-20', '2023-02-26'),
(702, 1, 7, 6, '2023-02-27', '2023-03-05'),
(703, 1, 7, 6, '2023-03-06', '2023-03-12'),
(704, 1, 7, 6, '2023-03-13', '2023-03-19'),
(705, 1, 7, 6, '2023-03-20', '2023-03-26'),
(706, 1, 7, 6, '2023-03-27', '2023-04-02'),
(707, 1, 7, 6, '2023-04-03', '2023-04-09'),
(708, 1, 7, 6, '2023-04-10', '2023-04-16'),
(709, 1, 7, 6, '2023-04-17', '2023-04-23'),
(710, 1, 7, 6, '2023-04-24', '2023-04-30'),
(711, 1, 7, 6, '2023-05-01', '2023-05-07'),
(712, 1, 7, 6, '2023-05-08', '2023-05-14'),
(713, 1, 7, 6, '2023-05-15', '2023-05-21'),
(714, 1, 7, 6, '2023-05-22', '2023-05-28'),
(715, 1, 7, 6, '2023-05-29', '2023-06-04'),
(716, 1, 7, 6, '2023-06-05', '2023-06-11'),
(717, 1, 7, 6, '2023-06-12', '2023-06-18'),
(718, 1, 7, 6, '2023-06-19', '2023-06-25'),
(719, 1, 7, 6, '2023-06-26', '2023-07-02'),
(720, 1, 7, 6, '2023-07-03', '2023-07-09'),
(721, 1, 7, 6, '2023-07-10', '2023-07-16'),
(722, 1, 7, 6, '2023-07-17', '2023-07-23'),
(723, 1, 7, 6, '2023-07-24', '2023-07-30'),
(724, 1, 7, 6, '2023-07-31', '2023-08-06'),
(725, 1, 7, 6, '2023-08-07', '2023-08-13'),
(726, 1, 7, 6, '2023-08-14', '2023-08-20'),
(727, 1, 7, 6, '2023-08-21', '2023-08-27'),
(728, 1, 7, 6, '2023-08-28', '2023-09-03'),
(729, 1, 7, 6, '2023-09-04', '2023-09-10'),
(730, 1, 7, 6, '2023-09-11', '2023-09-17'),
(731, 1, 7, 6, '2023-09-18', '2023-09-24'),
(732, 1, 7, 6, '2023-09-25', '2023-10-01'),
(733, 1, 7, 6, '2023-10-02', '2023-10-08'),
(734, 1, 7, 6, '2023-10-09', '2023-10-15'),
(735, 1, 7, 6, '2023-10-16', '2023-10-22'),
(736, 1, 7, 6, '2023-10-23', '2023-10-29'),
(737, 1, 7, 6, '2023-10-30', '2023-11-05'),
(738, 1, 7, 6, '2023-11-06', '2023-11-12'),
(739, 1, 7, 6, '2023-11-13', '2023-11-19'),
(740, 1, 7, 6, '2023-11-20', '2023-11-26'),
(741, 1, 7, 6, '2023-11-27', '2023-12-03');

INSERT INTO `standardpläne` (`ID`, `ID_Ausbildungsberuf`, `ID_Abteilung`, `AnzahlWochen`, `Praeferieren`, `Optional`) VALUES
(13, 2, 1, 100, 1, 0),
(14, 2, 2, 12, 0, 0),
(15, 2, 4, 4, 0, 1),
(16, 2, 5, 4, 0, 1),
(17, 1, 2, 100, 1, 0),
(18, 1, 1, 8, 0, 0),
(19, 1, 4, 8, 0, 1),
(20, 1, 6, 50, 1, 1);
COMMIT;

/*!40101 SET CHARACTER_SET_CLIENT=@OLD_CHARACTER_SET_CLIENT */;
/*!40101 SET CHARACTER_SET_RESULTS=@OLD_CHARACTER_SET_RESULTS */;
/*!40101 SET COLLATION_CONNECTION=@OLD_COLLATION_CONNECTION */;
